{"prefix_hijacks": {"1_sim_21042_328411": 1.0, "2_sim_142044_135100": 0.6764705882352942, "3_sim_136007_54501": 0.55555535555855556, "4_sim_136007_54501": 0.25555555555555556, "5_sim_136007_54501": 0.2711111111111111, "6_sim_136007_54501": 0.2991304347826087, "7_sim_328310_3": 0.9736842105263158, "8_sim_328310_3": 0.984251968503937, "9_sim_203576_199484": 0.9113924050632911, "10_sim_53836_5": 0.75, "11_sim_397795_399788": 0.9431818181818182, "12_sim_209604_199484": 0.6509433962264151, "13_sim_142499_134293": 0.9649122807017544, "14_sim_142499_134293": 0.9622641509433962, "15_sim_21433_3573": 0.4690721649484536, "17_sim_138262_138792": 1.0, "18_sim_42926_199484": 0.6605263157894737, "19_sim_3_4": 0.5, "19_sim_265574_4": 0.6, "19_sim_1_4": 0.2, "20_sim_265574_3": 0.6666666666666666, "20_sim_265574_1": 0.7235294117647059, "20_sim_4_3": 0.8333333333333334, "20_sim_4_1": 0.8, "21_sim_140028_63878": 1.0, "22_sim_270740_2": 0.5492227979274611, "23_sim_203329_211751": 0.5669667665660066, "32_sim_203576_199484": 0.8875, "33_sim_136969_55714": 0.9444444444444444, "34_sim_62_397374": 0.465625, "avg_accuracy": 0.7021780058943531}, "subprefix_hijacks": {"1_sim_4808_38364": 1.0, "1_sim_4847_38364": 1.0, "2_sim_7377_57483": 1.0, "3_sim_174_142580": 0.6020408163265306, "4_sim_174_142580": 0.9543147208121827, "5_sim_3502_203999": 1.0, "6_sim_3502_203999": 1.0, "7_sim_3502_203999": 1.0, "8_sim_3502_203999": 1.0, "9_sim_3502_203999": 1.0, "10_sim_3502_203999": 1.0, "11_sim_3502_203999": 1.0, "17_sim_30535_398465": 0.0, "18_sim_58224_211670": 1.0, "19_sim_197343_48944": 1.0, "20_sim_197343_48944": 0.7586206896551724, "21_sim_197343_48944": 0.7857142857142857, "22_sim_197343_48944": 0.7857142857142857, "23_sim_138823_131111": 0.5, "avg_accuracy": 0.862442357801182}}
