{"collateral_benefit": {"prefix_hijacking": {"0": {"0.25": 0.4808897687266289, "0.5": 0.4782863486104363, "0.75": 0.4203807981400904, "1.0": 0.357876204323476}, "10": {"0.25": 0.33521264428966013, "0.5": 0.4293201773375013, "0.75": 0.4168317567785169, "1.0": 0.4044059181410259}, "20": {"0.25": 0.53102309618966, "0.5": 0.2680336108315281, "0.75": 0.3963107649004599, "1.0": 0.31430242640195183}, "30": {"0.25": 0.430252186030732, "0.5": 0.4415782877082878, "0.75": 0.4365806726384819, "1.0": 0.3244469343333097}, "40": {"0.25": 0.5021746038229549, "0.5": 0.38160011441231645, "0.75": 0.35248458479308453, "1.0": 0.29264265112212406}, "50": {"0.25": 0.4542759741227817, "0.5": 0.38633623381178506, "0.75": 0.3198711790299398, "1.0": 0.3203824536809917}, "60": {"0.25": 0.3912974915420401, "0.5": 0.32505796944262344, "0.75": 0.43452774511536657, "1.0": 0.4046398951723713}, "70": {"0.25": 0.4563000503983046, "0.5": 0.394195210712833, "0.75": 0.4230812070600547, "1.0": 0.2950377750758079}, "80": {"0.25": 0.485922051037982, "0.5": 0.3011454420846106, "0.75": 0.37966894307116655, "1.0": 0.3121526121561102}, "90": {"0.25": 0.47532848155483887, "0.5": 0.41513044867305016, "0.75": 0.35658301772032036, "1.0": 0.2889167343108945}, "100": {"0.25": 0.4378020564157861, "0.5": 0.4647726469729241, "0.75": 0.36912942607605065, "1.0": 0.20421275850466397}}, "subprefix_hijacking": {"0": {"0.25": 0.9997233843337835, "0.5": 0.9995115995133579, "0.75": 0.9996065639182176, "1.0": 0.9996442913098381}, "10": {"0.25": 0.9849687797990917, "0.5": 0.9821236006950439, "0.75": 0.9178212534654667, "1.0": 0.8169295637268122}, "20": {"0.25": 0.9346175946755995, "0.5": 0.9061153239966186, "0.75": 0.9145094809416578, "1.0": 0.8124155309198535}, "30": {"0.25": 0.9841432533510757, "0.5": 0.9643517614895047, "0.75": 0.9592547125202593, "1.0": 0.8340009647681634}, "40": {"0.25": 0.9948390653604913, "0.5": 0.7927473869907051, "0.75": 0.8925379889665528, "1.0": 0.8010637978978675}, "50": {"0.25": 0.8711269511612623, "0.5": 0.9705952544050046, "0.75": 0.8437903703741607, "1.0": 0.5654160643872267}, "60": {"0.25": 0.9751890272277564, "0.5": 0.9264524856042315, "0.75": 0.8185445196002383, "1.0": 0.670149972886873}, "70": {"0.25": 0.9812369043706359, "0.5": 0.7742405237363501, "0.75": 0.8528424710207914, "1.0": 0.7173182220055462}, "80": {"0.25": 0.9800831250374451, "0.5": 0.8698587280504582, "0.75": 0.7525163810847707, "1.0": 0.739683939020004}, "90": {"0.25": 0.8302064761159713, "0.5": 0.8816957021204752, "0.75": 0.7639354294364328, "1.0": 0.6270993493570909}, "100": {"0.25": 0.8268317513451535, "0.5": 0.9093089910752388, "0.75": 0.8036183243145405, "1.0": 0.7311567587855172}}}, "today_rov_status_other_random_prop": {"prefix_hijacking": {"0.0": 0.37209872919981013, "0.1": 0.40335332124756595, "0.2": 0.2701832149173211, "0.30000000000000004": 0.16991570138665552, "0.4": 0.22330165533360055, "0.5": 0.14010288771647628, "0.6000000000000001": 0.2282598277336363, "0.7000000000000001": 0.08847895888549834, "0.8": 0.14479973579053818, "0.9": 0.1185103622343957, "1.0": 0.012519131334022751}, "subprefix_hijacking": {"0.0": 0.9200936616055243, "0.1": 0.7654063387661042, "0.2": 0.636389345008376, "0.30000000000000004": 0.6323030194268258, "0.4": 0.4410798395539043, "0.5": 0.37533665853293946, "0.6000000000000001": 0.19039312893450866, "0.7000000000000001": 0.22474156158522218, "0.8": 0.11561538470570334, "0.9": 0.22031973081492, "1.0": 0.2243918257628857}}, "top_isps_rov_other_random_prop": {"prefix_hijacking": {"0.0": 0.3281635470204503, "0.1": 0.3538487391446973, "0.2": 0.18890297842870532, "0.30000000000000004": 0.18574447119057816, "0.4": 0.25262548604459356, "0.5": 0.12101588482433548, "0.6000000000000001": 0.10785393651595196, "0.7000000000000001": 0.15237863499703672, "0.8": 0.029028871667060713, "0.9": 0.1040180357111115, "1.0": 0.05828473506346673}, "subprefix_hijacking": {"0.0": 0.570680135711749, "0.1": 0.6259183989625228, "0.2": 0.5476264559963754, "0.30000000000000004": 0.3762414284826828, "0.4": 0.2398928000354909, "0.5": 0.3536968122890525, "0.6000000000000001": 0.3055686355382431, "0.7000000000000001": 0.28566185279086687, "0.8": 0.23451694712663235, "0.9": 0.18214371101184648, "1.0": 0.22876925425142208}}}